--
-- PostgreSQL database dump
--

\restrict kuki7506r5HxO5RvBf8qgKRbZqMX5VvDDcrRvtIBpzIG8lByox8ve0JwaP6AG6G

-- Dumped from database version 16.10 (Ubuntu 16.10-0ubuntu0.24.04.1)
-- Dumped by pg_dump version 16.10 (Ubuntu 16.10-0ubuntu0.24.04.1)

SET statement_timeout = 0;
SET lock_timeout = 0;
SET idle_in_transaction_session_timeout = 0;
SET client_encoding = 'UTF8';
SET standard_conforming_strings = on;
SELECT pg_catalog.set_config('search_path', '', false);
SET check_function_bodies = false;
SET xmloption = content;
SET client_min_messages = warning;
SET row_security = off;

--
-- Name: public; Type: SCHEMA; Schema: -; Owner: postgres
--

-- *not* creating schema, since initdb creates it


ALTER SCHEMA public OWNER TO postgres;

--
-- Name: SCHEMA public; Type: COMMENT; Schema: -; Owner: postgres
--

COMMENT ON SCHEMA public IS '';


SET default_tablespace = '';

SET default_table_access_method = heap;

--
-- Name: auth_group; Type: TABLE; Schema: public; Owner: arturo_dev
--

CREATE TABLE public.auth_group (
    id integer NOT NULL,
    name character varying(150) NOT NULL
);


ALTER TABLE public.auth_group OWNER TO arturo_dev;

--
-- Name: auth_group_id_seq; Type: SEQUENCE; Schema: public; Owner: arturo_dev
--

ALTER TABLE public.auth_group ALTER COLUMN id ADD GENERATED BY DEFAULT AS IDENTITY (
    SEQUENCE NAME public.auth_group_id_seq
    START WITH 1
    INCREMENT BY 1
    NO MINVALUE
    NO MAXVALUE
    CACHE 1
);


--
-- Name: auth_group_permissions; Type: TABLE; Schema: public; Owner: arturo_dev
--

CREATE TABLE public.auth_group_permissions (
    id bigint NOT NULL,
    group_id integer NOT NULL,
    permission_id integer NOT NULL
);


ALTER TABLE public.auth_group_permissions OWNER TO arturo_dev;

--
-- Name: auth_group_permissions_id_seq; Type: SEQUENCE; Schema: public; Owner: arturo_dev
--

ALTER TABLE public.auth_group_permissions ALTER COLUMN id ADD GENERATED BY DEFAULT AS IDENTITY (
    SEQUENCE NAME public.auth_group_permissions_id_seq
    START WITH 1
    INCREMENT BY 1
    NO MINVALUE
    NO MAXVALUE
    CACHE 1
);


--
-- Name: auth_permission; Type: TABLE; Schema: public; Owner: arturo_dev
--

CREATE TABLE public.auth_permission (
    id integer NOT NULL,
    name character varying(255) NOT NULL,
    content_type_id integer NOT NULL,
    codename character varying(100) NOT NULL
);


ALTER TABLE public.auth_permission OWNER TO arturo_dev;

--
-- Name: auth_permission_id_seq; Type: SEQUENCE; Schema: public; Owner: arturo_dev
--

ALTER TABLE public.auth_permission ALTER COLUMN id ADD GENERATED BY DEFAULT AS IDENTITY (
    SEQUENCE NAME public.auth_permission_id_seq
    START WITH 1
    INCREMENT BY 1
    NO MINVALUE
    NO MAXVALUE
    CACHE 1
);


--
-- Name: auth_user; Type: TABLE; Schema: public; Owner: arturo_dev
--

CREATE TABLE public.auth_user (
    id integer NOT NULL,
    password character varying(128) NOT NULL,
    last_login timestamp with time zone,
    is_superuser boolean NOT NULL,
    username character varying(150) NOT NULL,
    first_name character varying(150) NOT NULL,
    last_name character varying(150) NOT NULL,
    email character varying(254) NOT NULL,
    is_staff boolean NOT NULL,
    is_active boolean NOT NULL,
    date_joined timestamp with time zone NOT NULL
);


ALTER TABLE public.auth_user OWNER TO arturo_dev;

--
-- Name: auth_user_groups; Type: TABLE; Schema: public; Owner: arturo_dev
--

CREATE TABLE public.auth_user_groups (
    id bigint NOT NULL,
    user_id integer NOT NULL,
    group_id integer NOT NULL
);


ALTER TABLE public.auth_user_groups OWNER TO arturo_dev;

--
-- Name: auth_user_groups_id_seq; Type: SEQUENCE; Schema: public; Owner: arturo_dev
--

ALTER TABLE public.auth_user_groups ALTER COLUMN id ADD GENERATED BY DEFAULT AS IDENTITY (
    SEQUENCE NAME public.auth_user_groups_id_seq
    START WITH 1
    INCREMENT BY 1
    NO MINVALUE
    NO MAXVALUE
    CACHE 1
);


--
-- Name: auth_user_id_seq; Type: SEQUENCE; Schema: public; Owner: arturo_dev
--

ALTER TABLE public.auth_user ALTER COLUMN id ADD GENERATED BY DEFAULT AS IDENTITY (
    SEQUENCE NAME public.auth_user_id_seq
    START WITH 1
    INCREMENT BY 1
    NO MINVALUE
    NO MAXVALUE
    CACHE 1
);


--
-- Name: auth_user_user_permissions; Type: TABLE; Schema: public; Owner: arturo_dev
--

CREATE TABLE public.auth_user_user_permissions (
    id bigint NOT NULL,
    user_id integer NOT NULL,
    permission_id integer NOT NULL
);


ALTER TABLE public.auth_user_user_permissions OWNER TO arturo_dev;

--
-- Name: auth_user_user_permissions_id_seq; Type: SEQUENCE; Schema: public; Owner: arturo_dev
--

ALTER TABLE public.auth_user_user_permissions ALTER COLUMN id ADD GENERATED BY DEFAULT AS IDENTITY (
    SEQUENCE NAME public.auth_user_user_permissions_id_seq
    START WITH 1
    INCREMENT BY 1
    NO MINVALUE
    NO MAXVALUE
    CACHE 1
);


--
-- Name: d_detalle_factura; Type: TABLE; Schema: public; Owner: arturo_dev
--

CREATE TABLE public.d_detalle_factura (
    id bigint NOT NULL,
    cantidad integer NOT NULL,
    precio_unitario numeric(10,2) NOT NULL,
    factura_id bigint NOT NULL,
    producto_id bigint NOT NULL,
    CONSTRAINT d_detalle_factura_cantidad_check CHECK ((cantidad >= 0))
);


ALTER TABLE public.d_detalle_factura OWNER TO arturo_dev;

--
-- Name: d_detalle_factura_id_seq; Type: SEQUENCE; Schema: public; Owner: arturo_dev
--

ALTER TABLE public.d_detalle_factura ALTER COLUMN id ADD GENERATED BY DEFAULT AS IDENTITY (
    SEQUENCE NAME public.d_detalle_factura_id_seq
    START WITH 1
    INCREMENT BY 1
    NO MINVALUE
    NO MAXVALUE
    CACHE 1
);


--
-- Name: d_detalle_reclamo; Type: TABLE; Schema: public; Owner: arturo_dev
--

CREATE TABLE public.d_detalle_reclamo (
    id bigint NOT NULL,
    motivo_especifico text NOT NULL,
    evidencia_foto character varying(100),
    producto_id bigint NOT NULL,
    reclamo_id bigint NOT NULL,
    tipo_reclamo_id bigint NOT NULL
);


ALTER TABLE public.d_detalle_reclamo OWNER TO arturo_dev;

--
-- Name: d_detalle_reclamo_id_seq; Type: SEQUENCE; Schema: public; Owner: arturo_dev
--

ALTER TABLE public.d_detalle_reclamo ALTER COLUMN id ADD GENERATED BY DEFAULT AS IDENTITY (
    SEQUENCE NAME public.d_detalle_reclamo_id_seq
    START WITH 1
    INCREMENT BY 1
    NO MINVALUE
    NO MAXVALUE
    CACHE 1
);


--
-- Name: d_detalle_solucion; Type: TABLE; Schema: public; Owner: arturo_dev
--

CREATE TABLE public.d_detalle_solucion (
    id bigint NOT NULL,
    observacion text NOT NULL,
    detalle_reclamo_id bigint NOT NULL,
    solucion_general_id bigint,
    tipo_solucion_id bigint NOT NULL
);


ALTER TABLE public.d_detalle_solucion OWNER TO arturo_dev;

--
-- Name: d_detalle_solucion_id_seq; Type: SEQUENCE; Schema: public; Owner: arturo_dev
--

ALTER TABLE public.d_detalle_solucion ALTER COLUMN id ADD GENERATED BY DEFAULT AS IDENTITY (
    SEQUENCE NAME public.d_detalle_solucion_id_seq
    START WITH 1
    INCREMENT BY 1
    NO MINVALUE
    NO MAXVALUE
    CACHE 1
);


--
-- Name: django_admin_log; Type: TABLE; Schema: public; Owner: arturo_dev
--

CREATE TABLE public.django_admin_log (
    id integer NOT NULL,
    action_time timestamp with time zone NOT NULL,
    object_id text,
    object_repr character varying(200) NOT NULL,
    action_flag smallint NOT NULL,
    change_message text NOT NULL,
    content_type_id integer,
    user_id integer NOT NULL,
    CONSTRAINT django_admin_log_action_flag_check CHECK ((action_flag >= 0))
);


ALTER TABLE public.django_admin_log OWNER TO arturo_dev;

--
-- Name: django_admin_log_id_seq; Type: SEQUENCE; Schema: public; Owner: arturo_dev
--

ALTER TABLE public.django_admin_log ALTER COLUMN id ADD GENERATED BY DEFAULT AS IDENTITY (
    SEQUENCE NAME public.django_admin_log_id_seq
    START WITH 1
    INCREMENT BY 1
    NO MINVALUE
    NO MAXVALUE
    CACHE 1
);


--
-- Name: django_content_type; Type: TABLE; Schema: public; Owner: arturo_dev
--

CREATE TABLE public.django_content_type (
    id integer NOT NULL,
    app_label character varying(100) NOT NULL,
    model character varying(100) NOT NULL
);


ALTER TABLE public.django_content_type OWNER TO arturo_dev;

--
-- Name: django_content_type_id_seq; Type: SEQUENCE; Schema: public; Owner: arturo_dev
--

ALTER TABLE public.django_content_type ALTER COLUMN id ADD GENERATED BY DEFAULT AS IDENTITY (
    SEQUENCE NAME public.django_content_type_id_seq
    START WITH 1
    INCREMENT BY 1
    NO MINVALUE
    NO MAXVALUE
    CACHE 1
);


--
-- Name: django_migrations; Type: TABLE; Schema: public; Owner: arturo_dev
--

CREATE TABLE public.django_migrations (
    id bigint NOT NULL,
    app character varying(255) NOT NULL,
    name character varying(255) NOT NULL,
    applied timestamp with time zone NOT NULL
);


ALTER TABLE public.django_migrations OWNER TO arturo_dev;

--
-- Name: django_migrations_id_seq; Type: SEQUENCE; Schema: public; Owner: arturo_dev
--

ALTER TABLE public.django_migrations ALTER COLUMN id ADD GENERATED BY DEFAULT AS IDENTITY (
    SEQUENCE NAME public.django_migrations_id_seq
    START WITH 1
    INCREMENT BY 1
    NO MINVALUE
    NO MAXVALUE
    CACHE 1
);


--
-- Name: django_session; Type: TABLE; Schema: public; Owner: arturo_dev
--

CREATE TABLE public.django_session (
    session_key character varying(40) NOT NULL,
    session_data text NOT NULL,
    expire_date timestamp with time zone NOT NULL
);


ALTER TABLE public.django_session OWNER TO arturo_dev;

--
-- Name: m_cargo; Type: TABLE; Schema: public; Owner: arturo_dev
--

CREATE TABLE public.m_cargo (
    id bigint NOT NULL,
    nombre character varying(50) NOT NULL,
    sueldo numeric(10,2) NOT NULL,
    descripcion text
);


ALTER TABLE public.m_cargo OWNER TO arturo_dev;

--
-- Name: m_cargo_id_seq; Type: SEQUENCE; Schema: public; Owner: arturo_dev
--

ALTER TABLE public.m_cargo ALTER COLUMN id ADD GENERATED BY DEFAULT AS IDENTITY (
    SEQUENCE NAME public.m_cargo_id_seq
    START WITH 1
    INCREMENT BY 1
    NO MINVALUE
    NO MAXVALUE
    CACHE 1
);


--
-- Name: m_ciudad; Type: TABLE; Schema: public; Owner: arturo_dev
--

CREATE TABLE public.m_ciudad (
    id bigint NOT NULL,
    nombre character varying(100) NOT NULL,
    provincia_id bigint NOT NULL
);


ALTER TABLE public.m_ciudad OWNER TO arturo_dev;

--
-- Name: m_ciudad_id_seq; Type: SEQUENCE; Schema: public; Owner: arturo_dev
--

ALTER TABLE public.m_ciudad ALTER COLUMN id ADD GENERATED BY DEFAULT AS IDENTITY (
    SEQUENCE NAME public.m_ciudad_id_seq
    START WITH 1
    INCREMENT BY 1
    NO MINVALUE
    NO MAXVALUE
    CACHE 1
);


--
-- Name: m_cliente; Type: TABLE; Schema: public; Owner: arturo_dev
--

CREATE TABLE public.m_cliente (
    id bigint NOT NULL,
    nombre character varying(100) NOT NULL,
    email character varying(254) NOT NULL,
    telefono character varying(15) NOT NULL
);


ALTER TABLE public.m_cliente OWNER TO arturo_dev;

--
-- Name: m_cliente_id_seq; Type: SEQUENCE; Schema: public; Owner: arturo_dev
--

ALTER TABLE public.m_cliente ALTER COLUMN id ADD GENERATED BY DEFAULT AS IDENTITY (
    SEQUENCE NAME public.m_cliente_id_seq
    START WITH 1
    INCREMENT BY 1
    NO MINVALUE
    NO MAXVALUE
    CACHE 1
);


--
-- Name: m_empleado; Type: TABLE; Schema: public; Owner: arturo_dev
--

CREATE TABLE public.m_empleado (
    id bigint NOT NULL,
    cedula character varying(10),
    nombre character varying(100) NOT NULL,
    apellido character varying(100),
    edad integer,
    direccion_domicilio character varying(255),
    telefono_fijo character varying(15),
    celular character varying(15),
    cargo_id bigint NOT NULL,
    CONSTRAINT m_empleado_edad_check CHECK ((edad >= 0))
);


ALTER TABLE public.m_empleado OWNER TO arturo_dev;

--
-- Name: m_empleado_id_seq; Type: SEQUENCE; Schema: public; Owner: arturo_dev
--

ALTER TABLE public.m_empleado ALTER COLUMN id ADD GENERATED BY DEFAULT AS IDENTITY (
    SEQUENCE NAME public.m_empleado_id_seq
    START WITH 1
    INCREMENT BY 1
    NO MINVALUE
    NO MAXVALUE
    CACHE 1
);


--
-- Name: m_pais; Type: TABLE; Schema: public; Owner: arturo_dev
--

CREATE TABLE public.m_pais (
    id bigint NOT NULL,
    nombre character varying(100) NOT NULL
);


ALTER TABLE public.m_pais OWNER TO arturo_dev;

--
-- Name: m_pais_id_seq; Type: SEQUENCE; Schema: public; Owner: arturo_dev
--

ALTER TABLE public.m_pais ALTER COLUMN id ADD GENERATED BY DEFAULT AS IDENTITY (
    SEQUENCE NAME public.m_pais_id_seq
    START WITH 1
    INCREMENT BY 1
    NO MINVALUE
    NO MAXVALUE
    CACHE 1
);


--
-- Name: m_producto; Type: TABLE; Schema: public; Owner: arturo_dev
--

CREATE TABLE public.m_producto (
    id bigint NOT NULL,
    nombre character varying(100) NOT NULL,
    precio numeric(10,2) NOT NULL,
    descripcion text
);


ALTER TABLE public.m_producto OWNER TO arturo_dev;

--
-- Name: m_producto_id_seq; Type: SEQUENCE; Schema: public; Owner: arturo_dev
--

ALTER TABLE public.m_producto ALTER COLUMN id ADD GENERATED BY DEFAULT AS IDENTITY (
    SEQUENCE NAME public.m_producto_id_seq
    START WITH 1
    INCREMENT BY 1
    NO MINVALUE
    NO MAXVALUE
    CACHE 1
);


--
-- Name: m_provincia; Type: TABLE; Schema: public; Owner: arturo_dev
--

CREATE TABLE public.m_provincia (
    id bigint NOT NULL,
    nombre character varying(100) NOT NULL,
    pais_id bigint NOT NULL
);


ALTER TABLE public.m_provincia OWNER TO arturo_dev;

--
-- Name: m_provincia_id_seq; Type: SEQUENCE; Schema: public; Owner: arturo_dev
--

ALTER TABLE public.m_provincia ALTER COLUMN id ADD GENERATED BY DEFAULT AS IDENTITY (
    SEQUENCE NAME public.m_provincia_id_seq
    START WITH 1
    INCREMENT BY 1
    NO MINVALUE
    NO MAXVALUE
    CACHE 1
);


--
-- Name: m_restaurante; Type: TABLE; Schema: public; Owner: arturo_dev
--

CREATE TABLE public.m_restaurante (
    id bigint NOT NULL,
    nombre character varying(100) NOT NULL,
    ruc character varying(13) NOT NULL,
    sucursal integer NOT NULL,
    ubicacion character varying(200) NOT NULL,
    ciudad_id bigint NOT NULL,
    CONSTRAINT m_restaurante_sucursal_check CHECK ((sucursal >= 0))
);


ALTER TABLE public.m_restaurante OWNER TO arturo_dev;

--
-- Name: m_restaurante_id_seq; Type: SEQUENCE; Schema: public; Owner: arturo_dev
--

ALTER TABLE public.m_restaurante ALTER COLUMN id ADD GENERATED BY DEFAULT AS IDENTITY (
    SEQUENCE NAME public.m_restaurante_id_seq
    START WITH 1
    INCREMENT BY 1
    NO MINVALUE
    NO MAXVALUE
    CACHE 1
);


--
-- Name: m_tipo_reclamo; Type: TABLE; Schema: public; Owner: arturo_dev
--

CREATE TABLE public.m_tipo_reclamo (
    id bigint NOT NULL,
    nombre character varying(50) NOT NULL,
    descripcion text NOT NULL
);


ALTER TABLE public.m_tipo_reclamo OWNER TO arturo_dev;

--
-- Name: m_tipo_reclamo_id_seq; Type: SEQUENCE; Schema: public; Owner: arturo_dev
--

ALTER TABLE public.m_tipo_reclamo ALTER COLUMN id ADD GENERATED BY DEFAULT AS IDENTITY (
    SEQUENCE NAME public.m_tipo_reclamo_id_seq
    START WITH 1
    INCREMENT BY 1
    NO MINVALUE
    NO MAXVALUE
    CACHE 1
);


--
-- Name: m_tipo_solucion; Type: TABLE; Schema: public; Owner: arturo_dev
--

CREATE TABLE public.m_tipo_solucion (
    id bigint NOT NULL,
    nombre character varying(50) NOT NULL,
    descripcion text NOT NULL
);


ALTER TABLE public.m_tipo_solucion OWNER TO arturo_dev;

--
-- Name: m_tipo_solucion_id_seq; Type: SEQUENCE; Schema: public; Owner: arturo_dev
--

ALTER TABLE public.m_tipo_solucion ALTER COLUMN id ADD GENERATED BY DEFAULT AS IDENTITY (
    SEQUENCE NAME public.m_tipo_solucion_id_seq
    START WITH 1
    INCREMENT BY 1
    NO MINVALUE
    NO MAXVALUE
    CACHE 1
);


--
-- Name: t_factura; Type: TABLE; Schema: public; Owner: arturo_dev
--

CREATE TABLE public.t_factura (
    id bigint NOT NULL,
    codigo_factura character varying(50) NOT NULL,
    fecha timestamp with time zone NOT NULL,
    total numeric(10,2) NOT NULL,
    cliente_id bigint NOT NULL,
    empleado_id bigint NOT NULL,
    restaurante_id bigint NOT NULL
);


ALTER TABLE public.t_factura OWNER TO arturo_dev;

--
-- Name: t_factura_id_seq; Type: SEQUENCE; Schema: public; Owner: arturo_dev
--

ALTER TABLE public.t_factura ALTER COLUMN id ADD GENERATED BY DEFAULT AS IDENTITY (
    SEQUENCE NAME public.t_factura_id_seq
    START WITH 1
    INCREMENT BY 1
    NO MINVALUE
    NO MAXVALUE
    CACHE 1
);


--
-- Name: t_reclamo; Type: TABLE; Schema: public; Owner: arturo_dev
--

CREATE TABLE public.t_reclamo (
    id bigint NOT NULL,
    fecha timestamp with time zone NOT NULL,
    estado character varying(20) NOT NULL,
    descripcion_general text NOT NULL,
    factura_id bigint NOT NULL
);


ALTER TABLE public.t_reclamo OWNER TO arturo_dev;

--
-- Name: t_reclamo_id_seq; Type: SEQUENCE; Schema: public; Owner: arturo_dev
--

ALTER TABLE public.t_reclamo ALTER COLUMN id ADD GENERATED BY DEFAULT AS IDENTITY (
    SEQUENCE NAME public.t_reclamo_id_seq
    START WITH 1
    INCREMENT BY 1
    NO MINVALUE
    NO MAXVALUE
    CACHE 1
);


--
-- Name: t_solucion; Type: TABLE; Schema: public; Owner: arturo_dev
--

CREATE TABLE public.t_solucion (
    id bigint NOT NULL,
    fecha_cierre timestamp with time zone NOT NULL,
    comentario_final text NOT NULL,
    empleado_id bigint NOT NULL,
    reclamo_id bigint NOT NULL
);


ALTER TABLE public.t_solucion OWNER TO arturo_dev;

--
-- Name: t_solucion_id_seq; Type: SEQUENCE; Schema: public; Owner: arturo_dev
--

ALTER TABLE public.t_solucion ALTER COLUMN id ADD GENERATED BY DEFAULT AS IDENTITY (
    SEQUENCE NAME public.t_solucion_id_seq
    START WITH 1
    INCREMENT BY 1
    NO MINVALUE
    NO MAXVALUE
    CACHE 1
);


--
-- Data for Name: auth_group; Type: TABLE DATA; Schema: public; Owner: arturo_dev
--

COPY public.auth_group (id, name) FROM stdin;
\.


--
-- Data for Name: auth_group_permissions; Type: TABLE DATA; Schema: public; Owner: arturo_dev
--

COPY public.auth_group_permissions (id, group_id, permission_id) FROM stdin;
\.


--
-- Data for Name: auth_permission; Type: TABLE DATA; Schema: public; Owner: arturo_dev
--

COPY public.auth_permission (id, name, content_type_id, codename) FROM stdin;
1	Can add log entry	1	add_logentry
2	Can change log entry	1	change_logentry
3	Can delete log entry	1	delete_logentry
4	Can view log entry	1	view_logentry
5	Can add permission	2	add_permission
6	Can change permission	2	change_permission
7	Can delete permission	2	delete_permission
8	Can view permission	2	view_permission
9	Can add group	3	add_group
10	Can change group	3	change_group
11	Can delete group	3	delete_group
12	Can view group	3	view_group
13	Can add user	4	add_user
14	Can change user	4	change_user
15	Can delete user	4	delete_user
16	Can view user	4	view_user
17	Can add content type	5	add_contenttype
18	Can change content type	5	change_contenttype
19	Can delete content type	5	delete_contenttype
20	Can view content type	5	view_contenttype
21	Can add session	6	add_session
22	Can change session	6	change_session
23	Can delete session	6	delete_session
24	Can view session	6	view_session
25	Can add cargo	7	add_cargo
26	Can change cargo	7	change_cargo
27	Can delete cargo	7	delete_cargo
28	Can view cargo	7	view_cargo
29	Can add cliente	8	add_cliente
30	Can change cliente	8	change_cliente
31	Can delete cliente	8	delete_cliente
32	Can view cliente	8	view_cliente
33	Can add País	9	add_pais
34	Can change País	9	change_pais
35	Can delete País	9	delete_pais
36	Can view País	9	view_pais
37	Can add producto	10	add_producto
38	Can change producto	10	change_producto
39	Can delete producto	10	delete_producto
40	Can view producto	10	view_producto
41	Can add tipo reclamo	11	add_tiporeclamo
42	Can change tipo reclamo	11	change_tiporeclamo
43	Can delete tipo reclamo	11	delete_tiporeclamo
44	Can view tipo reclamo	11	view_tiporeclamo
45	Can add tipo solucion	12	add_tiposolucion
46	Can change tipo solucion	12	change_tiposolucion
47	Can delete tipo solucion	12	delete_tiposolucion
48	Can view tipo solucion	12	view_tiposolucion
49	Can add empleado	13	add_empleado
50	Can change empleado	13	change_empleado
51	Can delete empleado	13	delete_empleado
52	Can view empleado	13	view_empleado
53	Can add factura	14	add_factura
54	Can change factura	14	change_factura
55	Can delete factura	14	delete_factura
56	Can view factura	14	view_factura
57	Can add detalle factura	15	add_detallefactura
58	Can change detalle factura	15	change_detallefactura
59	Can delete detalle factura	15	delete_detallefactura
60	Can view detalle factura	15	view_detallefactura
61	Can add Provincia / Estado	16	add_provincia
62	Can change Provincia / Estado	16	change_provincia
63	Can delete Provincia / Estado	16	delete_provincia
64	Can view Provincia / Estado	16	view_provincia
65	Can add Ciudad	17	add_ciudad
66	Can change Ciudad	17	change_ciudad
67	Can delete Ciudad	17	delete_ciudad
68	Can view Ciudad	17	view_ciudad
69	Can add reclamo	18	add_reclamo
70	Can change reclamo	18	change_reclamo
71	Can delete reclamo	18	delete_reclamo
72	Can view reclamo	18	view_reclamo
73	Can add detalle reclamo	19	add_detallereclamo
74	Can change detalle reclamo	19	change_detallereclamo
75	Can delete detalle reclamo	19	delete_detallereclamo
76	Can view detalle reclamo	19	view_detallereclamo
77	Can add Restaurante / Sucursal	20	add_restaurante
78	Can change Restaurante / Sucursal	20	change_restaurante
79	Can delete Restaurante / Sucursal	20	delete_restaurante
80	Can view Restaurante / Sucursal	20	view_restaurante
81	Can add Solución (Cierre)	21	add_solucion
82	Can change Solución (Cierre)	21	change_solucion
83	Can delete Solución (Cierre)	21	delete_solucion
84	Can view Solución (Cierre)	21	view_solucion
85	Can add detalle solucion	22	add_detallesolucion
86	Can change detalle solucion	22	change_detallesolucion
87	Can delete detalle solucion	22	delete_detallesolucion
88	Can view detalle solucion	22	view_detallesolucion
\.


--
-- Data for Name: auth_user; Type: TABLE DATA; Schema: public; Owner: arturo_dev
--

COPY public.auth_user (id, password, last_login, is_superuser, username, first_name, last_name, email, is_staff, is_active, date_joined) FROM stdin;
1	pbkdf2_sha256$1000000$hYi5sk85WIH38GqFZmVaqf$eI0uy8RTs7pEcPT4D1ZZra6KEV2+mXIySU+CEgPKx1g=	2025-11-23 17:20:13.869851-05	t	arturo			arturo@gmail.com	t	t	2025-11-23 17:20:03.60593-05
\.


--
-- Data for Name: auth_user_groups; Type: TABLE DATA; Schema: public; Owner: arturo_dev
--

COPY public.auth_user_groups (id, user_id, group_id) FROM stdin;
\.


--
-- Data for Name: auth_user_user_permissions; Type: TABLE DATA; Schema: public; Owner: arturo_dev
--

COPY public.auth_user_user_permissions (id, user_id, permission_id) FROM stdin;
\.


--
-- Data for Name: d_detalle_factura; Type: TABLE DATA; Schema: public; Owner: arturo_dev
--

COPY public.d_detalle_factura (id, cantidad, precio_unitario, factura_id, producto_id) FROM stdin;
1	1	0.50	1	1
2	2	2.00	2	2
3	2	0.50	2	1
\.


--
-- Data for Name: d_detalle_reclamo; Type: TABLE DATA; Schema: public; Owner: arturo_dev
--

COPY public.d_detalle_reclamo (id, motivo_especifico, evidencia_foto, producto_id, reclamo_id, tipo_reclamo_id) FROM stdin;
1	Se le entrego un hamburguesa en vez de un salchipapa		2	1	1
\.


--
-- Data for Name: d_detalle_solucion; Type: TABLE DATA; Schema: public; Owner: arturo_dev
--

COPY public.d_detalle_solucion (id, observacion, detalle_reclamo_id, solucion_general_id, tipo_solucion_id) FROM stdin;
1	Se le entrega su salchipapa	1	1	2
\.


--
-- Data for Name: django_admin_log; Type: TABLE DATA; Schema: public; Owner: arturo_dev
--

COPY public.django_admin_log (id, action_time, object_id, object_repr, action_flag, change_message, content_type_id, user_id) FROM stdin;
1	2025-11-23 17:20:44.725696-05	1	Mesero	1	[{"added": {}}]	7	1
2	2025-11-23 17:21:16.160737-05	2	Gerente	1	[{"added": {}}]	7	1
3	2025-11-23 17:21:48.390686-05	1	Ecuador	1	[{"added": {}}]	9	1
4	2025-11-23 17:22:08.505345-05	1	Guayas (Ecuador)	1	[{"added": {}}]	16	1
5	2025-11-23 17:22:35.336416-05	1	Milagro, Guayas	1	[{"added": {}}]	17	1
6	2025-11-23 17:23:13.240374-05	1	Arturo Medina	1	[{"added": {}}]	13	1
7	2025-11-23 17:23:48.880704-05	1	Coca Cola de 250ml	1	[{"added": {}}]	10	1
8	2025-11-23 17:24:17.346276-05	2	Hamburguesa Sencilla	1	[{"added": {}}]	10	1
9	2025-11-23 17:25:09.337764-05	1	Don Carlos - Suc. 1 (Milagro)	1	[{"added": {}}]	20	1
10	2025-11-23 17:27:44.986915-05	1	Pedido erroneo	1	[{"added": {}}]	11	1
11	2025-11-23 17:28:34.360641-05	1	Devolución de dinero	1	[{"added": {}}]	12	1
12	2025-11-23 17:29:45.644577-05	1	Consumido final	1	[{"added": {}}]	8	1
13	2025-11-23 17:43:53.281592-05	1	Factura #001-001-000000001 ($0.50)	1	[{"added": {}}, {"added": {"name": "detalle factura", "object": "1 x Coca Cola de 250ml"}}]	14	1
14	2025-11-23 17:45:19.722102-05	2	Factura #001-001-000000002 ($5.00)	1	[{"added": {}}, {"added": {"name": "detalle factura", "object": "2 x Hamburguesa Sencilla"}}, {"added": {"name": "detalle factura", "object": "2 x Coca Cola de 250ml"}}]	14	1
15	2025-11-23 17:48:02.171871-05	1	Reclamo #1 (Pendiente)	1	[{"added": {}}, {"added": {"name": "detalle reclamo", "object": "Detalle: Hamburguesa Sencilla"}}]	18	1
16	2025-11-23 17:48:51.034374-05	2	Nuevo producto	1	[{"added": {}}]	12	1
17	2025-11-23 17:52:16.294335-05	1	Solución al Reclamo #1	1	[{"added": {}}, {"added": {"name": "detalle solucion", "object": "Resoluci\\u00f3n para Hamburguesa Sencilla"}}]	21	1
\.


--
-- Data for Name: django_content_type; Type: TABLE DATA; Schema: public; Owner: arturo_dev
--

COPY public.django_content_type (id, app_label, model) FROM stdin;
1	admin	logentry
2	auth	permission
3	auth	group
4	auth	user
5	contenttypes	contenttype
6	sessions	session
7	app	cargo
8	app	cliente
9	app	pais
10	app	producto
11	app	tiporeclamo
12	app	tiposolucion
13	app	empleado
14	app	factura
15	app	detallefactura
16	app	provincia
17	app	ciudad
18	app	reclamo
19	app	detallereclamo
20	app	restaurante
21	app	solucion
22	app	detallesolucion
\.


--
-- Data for Name: django_migrations; Type: TABLE DATA; Schema: public; Owner: arturo_dev
--

COPY public.django_migrations (id, app, name, applied) FROM stdin;
1	contenttypes	0001_initial	2025-11-23 17:18:28.739687-05
2	auth	0001_initial	2025-11-23 17:18:28.897382-05
3	admin	0001_initial	2025-11-23 17:18:28.945538-05
4	admin	0002_logentry_remove_auto_add	2025-11-23 17:18:28.962841-05
5	admin	0003_logentry_add_action_flag_choices	2025-11-23 17:18:28.9803-05
6	app	0001_initial	2025-11-23 17:18:29.547803-05
7	contenttypes	0002_remove_content_type_name	2025-11-23 17:18:29.601507-05
8	auth	0002_alter_permission_name_max_length	2025-11-23 17:18:29.612512-05
9	auth	0003_alter_user_email_max_length	2025-11-23 17:18:29.625148-05
10	auth	0004_alter_user_username_opts	2025-11-23 17:18:29.642301-05
11	auth	0005_alter_user_last_login_null	2025-11-23 17:18:29.651745-05
12	auth	0006_require_contenttypes_0002	2025-11-23 17:18:29.655801-05
13	auth	0007_alter_validators_add_error_messages	2025-11-23 17:18:29.664703-05
14	auth	0008_alter_user_username_max_length	2025-11-23 17:18:29.681532-05
15	auth	0009_alter_user_last_name_max_length	2025-11-23 17:18:29.69112-05
16	auth	0010_alter_group_name_max_length	2025-11-23 17:18:29.699068-05
17	auth	0011_update_proxy_permissions	2025-11-23 17:18:29.712147-05
18	auth	0012_alter_user_first_name_max_length	2025-11-23 17:18:29.721653-05
19	sessions	0001_initial	2025-11-23 17:18:29.752056-05
20	app	0002_alter_detallefactura_precio_unitario_and_more	2025-11-23 17:43:07.473471-05
\.


--
-- Data for Name: django_session; Type: TABLE DATA; Schema: public; Owner: arturo_dev
--

COPY public.django_session (session_key, session_data, expire_date) FROM stdin;
cyxwgbcbxho3c8o83ebd9ayv3dsqny26	.eJxVjMsOwiAQRf-FtSFMB1pw6d5vIDM8pGogKe3K-O_apAvd3nPOfQlP21r81tPi5yjOAsTpd2MKj1R3EO9Ub02GVtdlZrkr8qBdXltMz8vh_h0U6uVbO1ATZjMCQmZHRIF4Sqgz5mgtJ3ZusDgOTptkITtSBjkAgdIYDZJ4fwDlIDfL:1vNIRJ:h0ZhunH4lMhfGddBrOMNfX7H1IVVSbFOdifbqszCiU4	2025-12-07 17:20:13.874233-05
\.


--
-- Data for Name: m_cargo; Type: TABLE DATA; Schema: public; Owner: arturo_dev
--

COPY public.m_cargo (id, nombre, sueldo, descripcion) FROM stdin;
1	Mesero	450.00	Encargado de da atención al cliente
2	Gerente	600.00	Encargado del manejo del restaurante
\.


--
-- Data for Name: m_ciudad; Type: TABLE DATA; Schema: public; Owner: arturo_dev
--

COPY public.m_ciudad (id, nombre, provincia_id) FROM stdin;
1	Milagro	1
\.


--
-- Data for Name: m_cliente; Type: TABLE DATA; Schema: public; Owner: arturo_dev
--

COPY public.m_cliente (id, nombre, email, telefono) FROM stdin;
1	Consumido final	Consumidorfinal@gmail.com	***************
\.


--
-- Data for Name: m_empleado; Type: TABLE DATA; Schema: public; Owner: arturo_dev
--

COPY public.m_empleado (id, cedula, nombre, apellido, edad, direccion_domicilio, telefono_fijo, celular, cargo_id) FROM stdin;
1	0927953240	Arturo	Medina	22	Rodriguez y seminario	\N	0980744292	1
\.


--
-- Data for Name: m_pais; Type: TABLE DATA; Schema: public; Owner: arturo_dev
--

COPY public.m_pais (id, nombre) FROM stdin;
1	Ecuador
\.


--
-- Data for Name: m_producto; Type: TABLE DATA; Schema: public; Owner: arturo_dev
--

COPY public.m_producto (id, nombre, precio, descripcion) FROM stdin;
1	Coca Cola de 250ml	0.50	Coca cola de 250 ml
2	Hamburguesa Sencilla	2.00	Hamburguesa sencilla de carne con salsa y ensalada
\.


--
-- Data for Name: m_provincia; Type: TABLE DATA; Schema: public; Owner: arturo_dev
--

COPY public.m_provincia (id, nombre, pais_id) FROM stdin;
1	Guayas	1
\.


--
-- Data for Name: m_restaurante; Type: TABLE DATA; Schema: public; Owner: arturo_dev
--

COPY public.m_restaurante (id, nombre, ruc, sucursal, ubicacion, ciudad_id) FROM stdin;
1	Don Carlos	1920209209019	1	Amazona y Eloy Alfaro	1
\.


--
-- Data for Name: m_tipo_reclamo; Type: TABLE DATA; Schema: public; Owner: arturo_dev
--

COPY public.m_tipo_reclamo (id, nombre, descripcion) FROM stdin;
1	Pedido erroneo	Tipo de reclamo en caso de que el cliente haya recibido un pedido que no realizo
\.


--
-- Data for Name: m_tipo_solucion; Type: TABLE DATA; Schema: public; Owner: arturo_dev
--

COPY public.m_tipo_solucion (id, nombre, descripcion) FROM stdin;
1	Devolución de dinero	Tipo de solución en donde se le hace la devolución del dinero al cliente.
2	Nuevo producto	Se entrega un nuevo producto al cliente
\.


--
-- Data for Name: t_factura; Type: TABLE DATA; Schema: public; Owner: arturo_dev
--

COPY public.t_factura (id, codigo_factura, fecha, total, cliente_id, empleado_id, restaurante_id) FROM stdin;
1	001-001-000000001	2025-11-23 17:43:16-05	0.50	1	1	1
2	001-001-000000002	2025-11-23 17:44:58-05	5.00	1	1	1
\.


--
-- Data for Name: t_reclamo; Type: TABLE DATA; Schema: public; Owner: arturo_dev
--

COPY public.t_reclamo (id, fecha, estado, descripcion_general, factura_id) FROM stdin;
1	2025-11-23 17:48:02.170739-05	RESUELTO	Se genero un molestia al cliente	2
\.


--
-- Data for Name: t_solucion; Type: TABLE DATA; Schema: public; Owner: arturo_dev
--

COPY public.t_solucion (id, fecha_cierre, comentario_final, empleado_id, reclamo_id) FROM stdin;
1	2025-11-23 17:52:16.291557-05	Se soluciona el problema	1	1
\.


--
-- Name: auth_group_id_seq; Type: SEQUENCE SET; Schema: public; Owner: arturo_dev
--

SELECT pg_catalog.setval('public.auth_group_id_seq', 1, false);


--
-- Name: auth_group_permissions_id_seq; Type: SEQUENCE SET; Schema: public; Owner: arturo_dev
--

SELECT pg_catalog.setval('public.auth_group_permissions_id_seq', 1, false);


--
-- Name: auth_permission_id_seq; Type: SEQUENCE SET; Schema: public; Owner: arturo_dev
--

SELECT pg_catalog.setval('public.auth_permission_id_seq', 88, true);


--
-- Name: auth_user_groups_id_seq; Type: SEQUENCE SET; Schema: public; Owner: arturo_dev
--

SELECT pg_catalog.setval('public.auth_user_groups_id_seq', 1, false);


--
-- Name: auth_user_id_seq; Type: SEQUENCE SET; Schema: public; Owner: arturo_dev
--

SELECT pg_catalog.setval('public.auth_user_id_seq', 1, true);


--
-- Name: auth_user_user_permissions_id_seq; Type: SEQUENCE SET; Schema: public; Owner: arturo_dev
--

SELECT pg_catalog.setval('public.auth_user_user_permissions_id_seq', 1, false);


--
-- Name: d_detalle_factura_id_seq; Type: SEQUENCE SET; Schema: public; Owner: arturo_dev
--

SELECT pg_catalog.setval('public.d_detalle_factura_id_seq', 3, true);


--
-- Name: d_detalle_reclamo_id_seq; Type: SEQUENCE SET; Schema: public; Owner: arturo_dev
--

SELECT pg_catalog.setval('public.d_detalle_reclamo_id_seq', 1, true);


--
-- Name: d_detalle_solucion_id_seq; Type: SEQUENCE SET; Schema: public; Owner: arturo_dev
--

SELECT pg_catalog.setval('public.d_detalle_solucion_id_seq', 1, true);


--
-- Name: django_admin_log_id_seq; Type: SEQUENCE SET; Schema: public; Owner: arturo_dev
--

SELECT pg_catalog.setval('public.django_admin_log_id_seq', 17, true);


--
-- Name: django_content_type_id_seq; Type: SEQUENCE SET; Schema: public; Owner: arturo_dev
--

SELECT pg_catalog.setval('public.django_content_type_id_seq', 22, true);


--
-- Name: django_migrations_id_seq; Type: SEQUENCE SET; Schema: public; Owner: arturo_dev
--

SELECT pg_catalog.setval('public.django_migrations_id_seq', 20, true);


--
-- Name: m_cargo_id_seq; Type: SEQUENCE SET; Schema: public; Owner: arturo_dev
--

SELECT pg_catalog.setval('public.m_cargo_id_seq', 2, true);


--
-- Name: m_ciudad_id_seq; Type: SEQUENCE SET; Schema: public; Owner: arturo_dev
--

SELECT pg_catalog.setval('public.m_ciudad_id_seq', 1, true);


--
-- Name: m_cliente_id_seq; Type: SEQUENCE SET; Schema: public; Owner: arturo_dev
--

SELECT pg_catalog.setval('public.m_cliente_id_seq', 1, true);


--
-- Name: m_empleado_id_seq; Type: SEQUENCE SET; Schema: public; Owner: arturo_dev
--

SELECT pg_catalog.setval('public.m_empleado_id_seq', 1, true);


--
-- Name: m_pais_id_seq; Type: SEQUENCE SET; Schema: public; Owner: arturo_dev
--

SELECT pg_catalog.setval('public.m_pais_id_seq', 1, true);


--
-- Name: m_producto_id_seq; Type: SEQUENCE SET; Schema: public; Owner: arturo_dev
--

SELECT pg_catalog.setval('public.m_producto_id_seq', 2, true);


--
-- Name: m_provincia_id_seq; Type: SEQUENCE SET; Schema: public; Owner: arturo_dev
--

SELECT pg_catalog.setval('public.m_provincia_id_seq', 1, true);


--
-- Name: m_restaurante_id_seq; Type: SEQUENCE SET; Schema: public; Owner: arturo_dev
--

SELECT pg_catalog.setval('public.m_restaurante_id_seq', 1, true);


--
-- Name: m_tipo_reclamo_id_seq; Type: SEQUENCE SET; Schema: public; Owner: arturo_dev
--

SELECT pg_catalog.setval('public.m_tipo_reclamo_id_seq', 1, true);


--
-- Name: m_tipo_solucion_id_seq; Type: SEQUENCE SET; Schema: public; Owner: arturo_dev
--

SELECT pg_catalog.setval('public.m_tipo_solucion_id_seq', 2, true);


--
-- Name: t_factura_id_seq; Type: SEQUENCE SET; Schema: public; Owner: arturo_dev
--

SELECT pg_catalog.setval('public.t_factura_id_seq', 2, true);


--
-- Name: t_reclamo_id_seq; Type: SEQUENCE SET; Schema: public; Owner: arturo_dev
--

SELECT pg_catalog.setval('public.t_reclamo_id_seq', 1, true);


--
-- Name: t_solucion_id_seq; Type: SEQUENCE SET; Schema: public; Owner: arturo_dev
--

SELECT pg_catalog.setval('public.t_solucion_id_seq', 1, true);


--
-- Name: auth_group auth_group_name_key; Type: CONSTRAINT; Schema: public; Owner: arturo_dev
--

ALTER TABLE ONLY public.auth_group
    ADD CONSTRAINT auth_group_name_key UNIQUE (name);


--
-- Name: auth_group_permissions auth_group_permissions_group_id_permission_id_0cd325b0_uniq; Type: CONSTRAINT; Schema: public; Owner: arturo_dev
--

ALTER TABLE ONLY public.auth_group_permissions
    ADD CONSTRAINT auth_group_permissions_group_id_permission_id_0cd325b0_uniq UNIQUE (group_id, permission_id);


--
-- Name: auth_group_permissions auth_group_permissions_pkey; Type: CONSTRAINT; Schema: public; Owner: arturo_dev
--

ALTER TABLE ONLY public.auth_group_permissions
    ADD CONSTRAINT auth_group_permissions_pkey PRIMARY KEY (id);


--
-- Name: auth_group auth_group_pkey; Type: CONSTRAINT; Schema: public; Owner: arturo_dev
--

ALTER TABLE ONLY public.auth_group
    ADD CONSTRAINT auth_group_pkey PRIMARY KEY (id);


--
-- Name: auth_permission auth_permission_content_type_id_codename_01ab375a_uniq; Type: CONSTRAINT; Schema: public; Owner: arturo_dev
--

ALTER TABLE ONLY public.auth_permission
    ADD CONSTRAINT auth_permission_content_type_id_codename_01ab375a_uniq UNIQUE (content_type_id, codename);


--
-- Name: auth_permission auth_permission_pkey; Type: CONSTRAINT; Schema: public; Owner: arturo_dev
--

ALTER TABLE ONLY public.auth_permission
    ADD CONSTRAINT auth_permission_pkey PRIMARY KEY (id);


--
-- Name: auth_user_groups auth_user_groups_pkey; Type: CONSTRAINT; Schema: public; Owner: arturo_dev
--

ALTER TABLE ONLY public.auth_user_groups
    ADD CONSTRAINT auth_user_groups_pkey PRIMARY KEY (id);


--
-- Name: auth_user_groups auth_user_groups_user_id_group_id_94350c0c_uniq; Type: CONSTRAINT; Schema: public; Owner: arturo_dev
--

ALTER TABLE ONLY public.auth_user_groups
    ADD CONSTRAINT auth_user_groups_user_id_group_id_94350c0c_uniq UNIQUE (user_id, group_id);


--
-- Name: auth_user auth_user_pkey; Type: CONSTRAINT; Schema: public; Owner: arturo_dev
--

ALTER TABLE ONLY public.auth_user
    ADD CONSTRAINT auth_user_pkey PRIMARY KEY (id);


--
-- Name: auth_user_user_permissions auth_user_user_permissions_pkey; Type: CONSTRAINT; Schema: public; Owner: arturo_dev
--

ALTER TABLE ONLY public.auth_user_user_permissions
    ADD CONSTRAINT auth_user_user_permissions_pkey PRIMARY KEY (id);


--
-- Name: auth_user_user_permissions auth_user_user_permissions_user_id_permission_id_14a6b632_uniq; Type: CONSTRAINT; Schema: public; Owner: arturo_dev
--

ALTER TABLE ONLY public.auth_user_user_permissions
    ADD CONSTRAINT auth_user_user_permissions_user_id_permission_id_14a6b632_uniq UNIQUE (user_id, permission_id);


--
-- Name: auth_user auth_user_username_key; Type: CONSTRAINT; Schema: public; Owner: arturo_dev
--

ALTER TABLE ONLY public.auth_user
    ADD CONSTRAINT auth_user_username_key UNIQUE (username);


--
-- Name: d_detalle_factura d_detalle_factura_pkey; Type: CONSTRAINT; Schema: public; Owner: arturo_dev
--

ALTER TABLE ONLY public.d_detalle_factura
    ADD CONSTRAINT d_detalle_factura_pkey PRIMARY KEY (id);


--
-- Name: d_detalle_reclamo d_detalle_reclamo_pkey; Type: CONSTRAINT; Schema: public; Owner: arturo_dev
--

ALTER TABLE ONLY public.d_detalle_reclamo
    ADD CONSTRAINT d_detalle_reclamo_pkey PRIMARY KEY (id);


--
-- Name: d_detalle_solucion d_detalle_solucion_detalle_reclamo_id_key; Type: CONSTRAINT; Schema: public; Owner: arturo_dev
--

ALTER TABLE ONLY public.d_detalle_solucion
    ADD CONSTRAINT d_detalle_solucion_detalle_reclamo_id_key UNIQUE (detalle_reclamo_id);


--
-- Name: d_detalle_solucion d_detalle_solucion_pkey; Type: CONSTRAINT; Schema: public; Owner: arturo_dev
--

ALTER TABLE ONLY public.d_detalle_solucion
    ADD CONSTRAINT d_detalle_solucion_pkey PRIMARY KEY (id);


--
-- Name: django_admin_log django_admin_log_pkey; Type: CONSTRAINT; Schema: public; Owner: arturo_dev
--

ALTER TABLE ONLY public.django_admin_log
    ADD CONSTRAINT django_admin_log_pkey PRIMARY KEY (id);


--
-- Name: django_content_type django_content_type_app_label_model_76bd3d3b_uniq; Type: CONSTRAINT; Schema: public; Owner: arturo_dev
--

ALTER TABLE ONLY public.django_content_type
    ADD CONSTRAINT django_content_type_app_label_model_76bd3d3b_uniq UNIQUE (app_label, model);


--
-- Name: django_content_type django_content_type_pkey; Type: CONSTRAINT; Schema: public; Owner: arturo_dev
--

ALTER TABLE ONLY public.django_content_type
    ADD CONSTRAINT django_content_type_pkey PRIMARY KEY (id);


--
-- Name: django_migrations django_migrations_pkey; Type: CONSTRAINT; Schema: public; Owner: arturo_dev
--

ALTER TABLE ONLY public.django_migrations
    ADD CONSTRAINT django_migrations_pkey PRIMARY KEY (id);


--
-- Name: django_session django_session_pkey; Type: CONSTRAINT; Schema: public; Owner: arturo_dev
--

ALTER TABLE ONLY public.django_session
    ADD CONSTRAINT django_session_pkey PRIMARY KEY (session_key);


--
-- Name: m_cargo m_cargo_pkey; Type: CONSTRAINT; Schema: public; Owner: arturo_dev
--

ALTER TABLE ONLY public.m_cargo
    ADD CONSTRAINT m_cargo_pkey PRIMARY KEY (id);


--
-- Name: m_ciudad m_ciudad_pkey; Type: CONSTRAINT; Schema: public; Owner: arturo_dev
--

ALTER TABLE ONLY public.m_ciudad
    ADD CONSTRAINT m_ciudad_pkey PRIMARY KEY (id);


--
-- Name: m_ciudad m_ciudad_provincia_id_nombre_a4c48f02_uniq; Type: CONSTRAINT; Schema: public; Owner: arturo_dev
--

ALTER TABLE ONLY public.m_ciudad
    ADD CONSTRAINT m_ciudad_provincia_id_nombre_a4c48f02_uniq UNIQUE (provincia_id, nombre);


--
-- Name: m_cliente m_cliente_email_key; Type: CONSTRAINT; Schema: public; Owner: arturo_dev
--

ALTER TABLE ONLY public.m_cliente
    ADD CONSTRAINT m_cliente_email_key UNIQUE (email);


--
-- Name: m_cliente m_cliente_pkey; Type: CONSTRAINT; Schema: public; Owner: arturo_dev
--

ALTER TABLE ONLY public.m_cliente
    ADD CONSTRAINT m_cliente_pkey PRIMARY KEY (id);


--
-- Name: m_empleado m_empleado_cedula_key; Type: CONSTRAINT; Schema: public; Owner: arturo_dev
--

ALTER TABLE ONLY public.m_empleado
    ADD CONSTRAINT m_empleado_cedula_key UNIQUE (cedula);


--
-- Name: m_empleado m_empleado_pkey; Type: CONSTRAINT; Schema: public; Owner: arturo_dev
--

ALTER TABLE ONLY public.m_empleado
    ADD CONSTRAINT m_empleado_pkey PRIMARY KEY (id);


--
-- Name: m_pais m_pais_nombre_key; Type: CONSTRAINT; Schema: public; Owner: arturo_dev
--

ALTER TABLE ONLY public.m_pais
    ADD CONSTRAINT m_pais_nombre_key UNIQUE (nombre);


--
-- Name: m_pais m_pais_pkey; Type: CONSTRAINT; Schema: public; Owner: arturo_dev
--

ALTER TABLE ONLY public.m_pais
    ADD CONSTRAINT m_pais_pkey PRIMARY KEY (id);


--
-- Name: m_producto m_producto_pkey; Type: CONSTRAINT; Schema: public; Owner: arturo_dev
--

ALTER TABLE ONLY public.m_producto
    ADD CONSTRAINT m_producto_pkey PRIMARY KEY (id);


--
-- Name: m_provincia m_provincia_pais_id_nombre_60ff6b13_uniq; Type: CONSTRAINT; Schema: public; Owner: arturo_dev
--

ALTER TABLE ONLY public.m_provincia
    ADD CONSTRAINT m_provincia_pais_id_nombre_60ff6b13_uniq UNIQUE (pais_id, nombre);


--
-- Name: m_provincia m_provincia_pkey; Type: CONSTRAINT; Schema: public; Owner: arturo_dev
--

ALTER TABLE ONLY public.m_provincia
    ADD CONSTRAINT m_provincia_pkey PRIMARY KEY (id);


--
-- Name: m_restaurante m_restaurante_pkey; Type: CONSTRAINT; Schema: public; Owner: arturo_dev
--

ALTER TABLE ONLY public.m_restaurante
    ADD CONSTRAINT m_restaurante_pkey PRIMARY KEY (id);


--
-- Name: m_restaurante m_restaurante_ruc_key; Type: CONSTRAINT; Schema: public; Owner: arturo_dev
--

ALTER TABLE ONLY public.m_restaurante
    ADD CONSTRAINT m_restaurante_ruc_key UNIQUE (ruc);


--
-- Name: m_restaurante m_restaurante_sucursal_ruc_be54b37d_uniq; Type: CONSTRAINT; Schema: public; Owner: arturo_dev
--

ALTER TABLE ONLY public.m_restaurante
    ADD CONSTRAINT m_restaurante_sucursal_ruc_be54b37d_uniq UNIQUE (sucursal, ruc);


--
-- Name: m_tipo_reclamo m_tipo_reclamo_pkey; Type: CONSTRAINT; Schema: public; Owner: arturo_dev
--

ALTER TABLE ONLY public.m_tipo_reclamo
    ADD CONSTRAINT m_tipo_reclamo_pkey PRIMARY KEY (id);


--
-- Name: m_tipo_solucion m_tipo_solucion_pkey; Type: CONSTRAINT; Schema: public; Owner: arturo_dev
--

ALTER TABLE ONLY public.m_tipo_solucion
    ADD CONSTRAINT m_tipo_solucion_pkey PRIMARY KEY (id);


--
-- Name: t_factura t_factura_codigo_factura_key; Type: CONSTRAINT; Schema: public; Owner: arturo_dev
--

ALTER TABLE ONLY public.t_factura
    ADD CONSTRAINT t_factura_codigo_factura_key UNIQUE (codigo_factura);


--
-- Name: t_factura t_factura_pkey; Type: CONSTRAINT; Schema: public; Owner: arturo_dev
--

ALTER TABLE ONLY public.t_factura
    ADD CONSTRAINT t_factura_pkey PRIMARY KEY (id);


--
-- Name: t_reclamo t_reclamo_pkey; Type: CONSTRAINT; Schema: public; Owner: arturo_dev
--

ALTER TABLE ONLY public.t_reclamo
    ADD CONSTRAINT t_reclamo_pkey PRIMARY KEY (id);


--
-- Name: t_solucion t_solucion_pkey; Type: CONSTRAINT; Schema: public; Owner: arturo_dev
--

ALTER TABLE ONLY public.t_solucion
    ADD CONSTRAINT t_solucion_pkey PRIMARY KEY (id);


--
-- Name: t_solucion t_solucion_reclamo_id_key; Type: CONSTRAINT; Schema: public; Owner: arturo_dev
--

ALTER TABLE ONLY public.t_solucion
    ADD CONSTRAINT t_solucion_reclamo_id_key UNIQUE (reclamo_id);


--
-- Name: auth_group_name_a6ea08ec_like; Type: INDEX; Schema: public; Owner: arturo_dev
--

CREATE INDEX auth_group_name_a6ea08ec_like ON public.auth_group USING btree (name varchar_pattern_ops);


--
-- Name: auth_group_permissions_group_id_b120cbf9; Type: INDEX; Schema: public; Owner: arturo_dev
--

CREATE INDEX auth_group_permissions_group_id_b120cbf9 ON public.auth_group_permissions USING btree (group_id);


--
-- Name: auth_group_permissions_permission_id_84c5c92e; Type: INDEX; Schema: public; Owner: arturo_dev
--

CREATE INDEX auth_group_permissions_permission_id_84c5c92e ON public.auth_group_permissions USING btree (permission_id);


--
-- Name: auth_permission_content_type_id_2f476e4b; Type: INDEX; Schema: public; Owner: arturo_dev
--

CREATE INDEX auth_permission_content_type_id_2f476e4b ON public.auth_permission USING btree (content_type_id);


--
-- Name: auth_user_groups_group_id_97559544; Type: INDEX; Schema: public; Owner: arturo_dev
--

CREATE INDEX auth_user_groups_group_id_97559544 ON public.auth_user_groups USING btree (group_id);


--
-- Name: auth_user_groups_user_id_6a12ed8b; Type: INDEX; Schema: public; Owner: arturo_dev
--

CREATE INDEX auth_user_groups_user_id_6a12ed8b ON public.auth_user_groups USING btree (user_id);


--
-- Name: auth_user_user_permissions_permission_id_1fbb5f2c; Type: INDEX; Schema: public; Owner: arturo_dev
--

CREATE INDEX auth_user_user_permissions_permission_id_1fbb5f2c ON public.auth_user_user_permissions USING btree (permission_id);


--
-- Name: auth_user_user_permissions_user_id_a95ead1b; Type: INDEX; Schema: public; Owner: arturo_dev
--

CREATE INDEX auth_user_user_permissions_user_id_a95ead1b ON public.auth_user_user_permissions USING btree (user_id);


--
-- Name: auth_user_username_6821ab7c_like; Type: INDEX; Schema: public; Owner: arturo_dev
--

CREATE INDEX auth_user_username_6821ab7c_like ON public.auth_user USING btree (username varchar_pattern_ops);


--
-- Name: d_detalle_factura_factura_id_22222a2e; Type: INDEX; Schema: public; Owner: arturo_dev
--

CREATE INDEX d_detalle_factura_factura_id_22222a2e ON public.d_detalle_factura USING btree (factura_id);


--
-- Name: d_detalle_factura_producto_id_80794c30; Type: INDEX; Schema: public; Owner: arturo_dev
--

CREATE INDEX d_detalle_factura_producto_id_80794c30 ON public.d_detalle_factura USING btree (producto_id);


--
-- Name: d_detalle_reclamo_producto_id_69e44a45; Type: INDEX; Schema: public; Owner: arturo_dev
--

CREATE INDEX d_detalle_reclamo_producto_id_69e44a45 ON public.d_detalle_reclamo USING btree (producto_id);


--
-- Name: d_detalle_reclamo_reclamo_id_95d99450; Type: INDEX; Schema: public; Owner: arturo_dev
--

CREATE INDEX d_detalle_reclamo_reclamo_id_95d99450 ON public.d_detalle_reclamo USING btree (reclamo_id);


--
-- Name: d_detalle_reclamo_tipo_reclamo_id_f7c085d7; Type: INDEX; Schema: public; Owner: arturo_dev
--

CREATE INDEX d_detalle_reclamo_tipo_reclamo_id_f7c085d7 ON public.d_detalle_reclamo USING btree (tipo_reclamo_id);


--
-- Name: d_detalle_solucion_solucion_general_id_d5e062e2; Type: INDEX; Schema: public; Owner: arturo_dev
--

CREATE INDEX d_detalle_solucion_solucion_general_id_d5e062e2 ON public.d_detalle_solucion USING btree (solucion_general_id);


--
-- Name: d_detalle_solucion_tipo_solucion_id_fa38b523; Type: INDEX; Schema: public; Owner: arturo_dev
--

CREATE INDEX d_detalle_solucion_tipo_solucion_id_fa38b523 ON public.d_detalle_solucion USING btree (tipo_solucion_id);


--
-- Name: django_admin_log_content_type_id_c4bce8eb; Type: INDEX; Schema: public; Owner: arturo_dev
--

CREATE INDEX django_admin_log_content_type_id_c4bce8eb ON public.django_admin_log USING btree (content_type_id);


--
-- Name: django_admin_log_user_id_c564eba6; Type: INDEX; Schema: public; Owner: arturo_dev
--

CREATE INDEX django_admin_log_user_id_c564eba6 ON public.django_admin_log USING btree (user_id);


--
-- Name: django_session_expire_date_a5c62663; Type: INDEX; Schema: public; Owner: arturo_dev
--

CREATE INDEX django_session_expire_date_a5c62663 ON public.django_session USING btree (expire_date);


--
-- Name: django_session_session_key_c0390e0f_like; Type: INDEX; Schema: public; Owner: arturo_dev
--

CREATE INDEX django_session_session_key_c0390e0f_like ON public.django_session USING btree (session_key varchar_pattern_ops);


--
-- Name: m_ciudad_provincia_id_b7c4f4a7; Type: INDEX; Schema: public; Owner: arturo_dev
--

CREATE INDEX m_ciudad_provincia_id_b7c4f4a7 ON public.m_ciudad USING btree (provincia_id);


--
-- Name: m_cliente_email_e8d176b8_like; Type: INDEX; Schema: public; Owner: arturo_dev
--

CREATE INDEX m_cliente_email_e8d176b8_like ON public.m_cliente USING btree (email varchar_pattern_ops);


--
-- Name: m_empleado_cargo_id_909bc609; Type: INDEX; Schema: public; Owner: arturo_dev
--

CREATE INDEX m_empleado_cargo_id_909bc609 ON public.m_empleado USING btree (cargo_id);


--
-- Name: m_empleado_cedula_66c4abc7_like; Type: INDEX; Schema: public; Owner: arturo_dev
--

CREATE INDEX m_empleado_cedula_66c4abc7_like ON public.m_empleado USING btree (cedula varchar_pattern_ops);


--
-- Name: m_pais_nombre_403e49d3_like; Type: INDEX; Schema: public; Owner: arturo_dev
--

CREATE INDEX m_pais_nombre_403e49d3_like ON public.m_pais USING btree (nombre varchar_pattern_ops);


--
-- Name: m_provincia_pais_id_a7ada6cd; Type: INDEX; Schema: public; Owner: arturo_dev
--

CREATE INDEX m_provincia_pais_id_a7ada6cd ON public.m_provincia USING btree (pais_id);


--
-- Name: m_restaurante_ciudad_id_4828fa4d; Type: INDEX; Schema: public; Owner: arturo_dev
--

CREATE INDEX m_restaurante_ciudad_id_4828fa4d ON public.m_restaurante USING btree (ciudad_id);


--
-- Name: m_restaurante_ruc_91c0227c_like; Type: INDEX; Schema: public; Owner: arturo_dev
--

CREATE INDEX m_restaurante_ruc_91c0227c_like ON public.m_restaurante USING btree (ruc varchar_pattern_ops);


--
-- Name: t_factura_cliente_id_6d3fdce4; Type: INDEX; Schema: public; Owner: arturo_dev
--

CREATE INDEX t_factura_cliente_id_6d3fdce4 ON public.t_factura USING btree (cliente_id);


--
-- Name: t_factura_codigo_factura_fb3a4cac_like; Type: INDEX; Schema: public; Owner: arturo_dev
--

CREATE INDEX t_factura_codigo_factura_fb3a4cac_like ON public.t_factura USING btree (codigo_factura varchar_pattern_ops);


--
-- Name: t_factura_empleado_id_0f02c022; Type: INDEX; Schema: public; Owner: arturo_dev
--

CREATE INDEX t_factura_empleado_id_0f02c022 ON public.t_factura USING btree (empleado_id);


--
-- Name: t_factura_restaurante_id_58bd7c42; Type: INDEX; Schema: public; Owner: arturo_dev
--

CREATE INDEX t_factura_restaurante_id_58bd7c42 ON public.t_factura USING btree (restaurante_id);


--
-- Name: t_reclamo_factura_id_64e56d7d; Type: INDEX; Schema: public; Owner: arturo_dev
--

CREATE INDEX t_reclamo_factura_id_64e56d7d ON public.t_reclamo USING btree (factura_id);


--
-- Name: t_solucion_empleado_id_7e960703; Type: INDEX; Schema: public; Owner: arturo_dev
--

CREATE INDEX t_solucion_empleado_id_7e960703 ON public.t_solucion USING btree (empleado_id);


--
-- Name: auth_group_permissions auth_group_permissio_permission_id_84c5c92e_fk_auth_perm; Type: FK CONSTRAINT; Schema: public; Owner: arturo_dev
--

ALTER TABLE ONLY public.auth_group_permissions
    ADD CONSTRAINT auth_group_permissio_permission_id_84c5c92e_fk_auth_perm FOREIGN KEY (permission_id) REFERENCES public.auth_permission(id) DEFERRABLE INITIALLY DEFERRED;


--
-- Name: auth_group_permissions auth_group_permissions_group_id_b120cbf9_fk_auth_group_id; Type: FK CONSTRAINT; Schema: public; Owner: arturo_dev
--

ALTER TABLE ONLY public.auth_group_permissions
    ADD CONSTRAINT auth_group_permissions_group_id_b120cbf9_fk_auth_group_id FOREIGN KEY (group_id) REFERENCES public.auth_group(id) DEFERRABLE INITIALLY DEFERRED;


--
-- Name: auth_permission auth_permission_content_type_id_2f476e4b_fk_django_co; Type: FK CONSTRAINT; Schema: public; Owner: arturo_dev
--

ALTER TABLE ONLY public.auth_permission
    ADD CONSTRAINT auth_permission_content_type_id_2f476e4b_fk_django_co FOREIGN KEY (content_type_id) REFERENCES public.django_content_type(id) DEFERRABLE INITIALLY DEFERRED;


--
-- Name: auth_user_groups auth_user_groups_group_id_97559544_fk_auth_group_id; Type: FK CONSTRAINT; Schema: public; Owner: arturo_dev
--

ALTER TABLE ONLY public.auth_user_groups
    ADD CONSTRAINT auth_user_groups_group_id_97559544_fk_auth_group_id FOREIGN KEY (group_id) REFERENCES public.auth_group(id) DEFERRABLE INITIALLY DEFERRED;


--
-- Name: auth_user_groups auth_user_groups_user_id_6a12ed8b_fk_auth_user_id; Type: FK CONSTRAINT; Schema: public; Owner: arturo_dev
--

ALTER TABLE ONLY public.auth_user_groups
    ADD CONSTRAINT auth_user_groups_user_id_6a12ed8b_fk_auth_user_id FOREIGN KEY (user_id) REFERENCES public.auth_user(id) DEFERRABLE INITIALLY DEFERRED;


--
-- Name: auth_user_user_permissions auth_user_user_permi_permission_id_1fbb5f2c_fk_auth_perm; Type: FK CONSTRAINT; Schema: public; Owner: arturo_dev
--

ALTER TABLE ONLY public.auth_user_user_permissions
    ADD CONSTRAINT auth_user_user_permi_permission_id_1fbb5f2c_fk_auth_perm FOREIGN KEY (permission_id) REFERENCES public.auth_permission(id) DEFERRABLE INITIALLY DEFERRED;


--
-- Name: auth_user_user_permissions auth_user_user_permissions_user_id_a95ead1b_fk_auth_user_id; Type: FK CONSTRAINT; Schema: public; Owner: arturo_dev
--

ALTER TABLE ONLY public.auth_user_user_permissions
    ADD CONSTRAINT auth_user_user_permissions_user_id_a95ead1b_fk_auth_user_id FOREIGN KEY (user_id) REFERENCES public.auth_user(id) DEFERRABLE INITIALLY DEFERRED;


--
-- Name: d_detalle_factura d_detalle_factura_factura_id_22222a2e_fk_t_factura_id; Type: FK CONSTRAINT; Schema: public; Owner: arturo_dev
--

ALTER TABLE ONLY public.d_detalle_factura
    ADD CONSTRAINT d_detalle_factura_factura_id_22222a2e_fk_t_factura_id FOREIGN KEY (factura_id) REFERENCES public.t_factura(id) DEFERRABLE INITIALLY DEFERRED;


--
-- Name: d_detalle_factura d_detalle_factura_producto_id_80794c30_fk_m_producto_id; Type: FK CONSTRAINT; Schema: public; Owner: arturo_dev
--

ALTER TABLE ONLY public.d_detalle_factura
    ADD CONSTRAINT d_detalle_factura_producto_id_80794c30_fk_m_producto_id FOREIGN KEY (producto_id) REFERENCES public.m_producto(id) DEFERRABLE INITIALLY DEFERRED;


--
-- Name: d_detalle_reclamo d_detalle_reclamo_producto_id_69e44a45_fk_m_producto_id; Type: FK CONSTRAINT; Schema: public; Owner: arturo_dev
--

ALTER TABLE ONLY public.d_detalle_reclamo
    ADD CONSTRAINT d_detalle_reclamo_producto_id_69e44a45_fk_m_producto_id FOREIGN KEY (producto_id) REFERENCES public.m_producto(id) DEFERRABLE INITIALLY DEFERRED;


--
-- Name: d_detalle_reclamo d_detalle_reclamo_reclamo_id_95d99450_fk_t_reclamo_id; Type: FK CONSTRAINT; Schema: public; Owner: arturo_dev
--

ALTER TABLE ONLY public.d_detalle_reclamo
    ADD CONSTRAINT d_detalle_reclamo_reclamo_id_95d99450_fk_t_reclamo_id FOREIGN KEY (reclamo_id) REFERENCES public.t_reclamo(id) DEFERRABLE INITIALLY DEFERRED;


--
-- Name: d_detalle_reclamo d_detalle_reclamo_tipo_reclamo_id_f7c085d7_fk_m_tipo_reclamo_id; Type: FK CONSTRAINT; Schema: public; Owner: arturo_dev
--

ALTER TABLE ONLY public.d_detalle_reclamo
    ADD CONSTRAINT d_detalle_reclamo_tipo_reclamo_id_f7c085d7_fk_m_tipo_reclamo_id FOREIGN KEY (tipo_reclamo_id) REFERENCES public.m_tipo_reclamo(id) DEFERRABLE INITIALLY DEFERRED;


--
-- Name: d_detalle_solucion d_detalle_solucion_detalle_reclamo_id_dde4f4a2_fk_d_detalle; Type: FK CONSTRAINT; Schema: public; Owner: arturo_dev
--

ALTER TABLE ONLY public.d_detalle_solucion
    ADD CONSTRAINT d_detalle_solucion_detalle_reclamo_id_dde4f4a2_fk_d_detalle FOREIGN KEY (detalle_reclamo_id) REFERENCES public.d_detalle_reclamo(id) DEFERRABLE INITIALLY DEFERRED;


--
-- Name: d_detalle_solucion d_detalle_solucion_solucion_general_id_d5e062e2_fk_t_solucio; Type: FK CONSTRAINT; Schema: public; Owner: arturo_dev
--

ALTER TABLE ONLY public.d_detalle_solucion
    ADD CONSTRAINT d_detalle_solucion_solucion_general_id_d5e062e2_fk_t_solucio FOREIGN KEY (solucion_general_id) REFERENCES public.t_solucion(id) DEFERRABLE INITIALLY DEFERRED;


--
-- Name: d_detalle_solucion d_detalle_solucion_tipo_solucion_id_fa38b523_fk_m_tipo_so; Type: FK CONSTRAINT; Schema: public; Owner: arturo_dev
--

ALTER TABLE ONLY public.d_detalle_solucion
    ADD CONSTRAINT d_detalle_solucion_tipo_solucion_id_fa38b523_fk_m_tipo_so FOREIGN KEY (tipo_solucion_id) REFERENCES public.m_tipo_solucion(id) DEFERRABLE INITIALLY DEFERRED;


--
-- Name: django_admin_log django_admin_log_content_type_id_c4bce8eb_fk_django_co; Type: FK CONSTRAINT; Schema: public; Owner: arturo_dev
--

ALTER TABLE ONLY public.django_admin_log
    ADD CONSTRAINT django_admin_log_content_type_id_c4bce8eb_fk_django_co FOREIGN KEY (content_type_id) REFERENCES public.django_content_type(id) DEFERRABLE INITIALLY DEFERRED;


--
-- Name: django_admin_log django_admin_log_user_id_c564eba6_fk_auth_user_id; Type: FK CONSTRAINT; Schema: public; Owner: arturo_dev
--

ALTER TABLE ONLY public.django_admin_log
    ADD CONSTRAINT django_admin_log_user_id_c564eba6_fk_auth_user_id FOREIGN KEY (user_id) REFERENCES public.auth_user(id) DEFERRABLE INITIALLY DEFERRED;


--
-- Name: m_ciudad m_ciudad_provincia_id_b7c4f4a7_fk_m_provincia_id; Type: FK CONSTRAINT; Schema: public; Owner: arturo_dev
--

ALTER TABLE ONLY public.m_ciudad
    ADD CONSTRAINT m_ciudad_provincia_id_b7c4f4a7_fk_m_provincia_id FOREIGN KEY (provincia_id) REFERENCES public.m_provincia(id) DEFERRABLE INITIALLY DEFERRED;


--
-- Name: m_empleado m_empleado_cargo_id_909bc609_fk_m_cargo_id; Type: FK CONSTRAINT; Schema: public; Owner: arturo_dev
--

ALTER TABLE ONLY public.m_empleado
    ADD CONSTRAINT m_empleado_cargo_id_909bc609_fk_m_cargo_id FOREIGN KEY (cargo_id) REFERENCES public.m_cargo(id) DEFERRABLE INITIALLY DEFERRED;


--
-- Name: m_provincia m_provincia_pais_id_a7ada6cd_fk_m_pais_id; Type: FK CONSTRAINT; Schema: public; Owner: arturo_dev
--

ALTER TABLE ONLY public.m_provincia
    ADD CONSTRAINT m_provincia_pais_id_a7ada6cd_fk_m_pais_id FOREIGN KEY (pais_id) REFERENCES public.m_pais(id) DEFERRABLE INITIALLY DEFERRED;


--
-- Name: m_restaurante m_restaurante_ciudad_id_4828fa4d_fk_m_ciudad_id; Type: FK CONSTRAINT; Schema: public; Owner: arturo_dev
--

ALTER TABLE ONLY public.m_restaurante
    ADD CONSTRAINT m_restaurante_ciudad_id_4828fa4d_fk_m_ciudad_id FOREIGN KEY (ciudad_id) REFERENCES public.m_ciudad(id) DEFERRABLE INITIALLY DEFERRED;


--
-- Name: t_factura t_factura_cliente_id_6d3fdce4_fk_m_cliente_id; Type: FK CONSTRAINT; Schema: public; Owner: arturo_dev
--

ALTER TABLE ONLY public.t_factura
    ADD CONSTRAINT t_factura_cliente_id_6d3fdce4_fk_m_cliente_id FOREIGN KEY (cliente_id) REFERENCES public.m_cliente(id) DEFERRABLE INITIALLY DEFERRED;


--
-- Name: t_factura t_factura_empleado_id_0f02c022_fk_m_empleado_id; Type: FK CONSTRAINT; Schema: public; Owner: arturo_dev
--

ALTER TABLE ONLY public.t_factura
    ADD CONSTRAINT t_factura_empleado_id_0f02c022_fk_m_empleado_id FOREIGN KEY (empleado_id) REFERENCES public.m_empleado(id) DEFERRABLE INITIALLY DEFERRED;


--
-- Name: t_factura t_factura_restaurante_id_58bd7c42_fk_m_restaurante_id; Type: FK CONSTRAINT; Schema: public; Owner: arturo_dev
--

ALTER TABLE ONLY public.t_factura
    ADD CONSTRAINT t_factura_restaurante_id_58bd7c42_fk_m_restaurante_id FOREIGN KEY (restaurante_id) REFERENCES public.m_restaurante(id) DEFERRABLE INITIALLY DEFERRED;


--
-- Name: t_reclamo t_reclamo_factura_id_64e56d7d_fk_t_factura_id; Type: FK CONSTRAINT; Schema: public; Owner: arturo_dev
--

ALTER TABLE ONLY public.t_reclamo
    ADD CONSTRAINT t_reclamo_factura_id_64e56d7d_fk_t_factura_id FOREIGN KEY (factura_id) REFERENCES public.t_factura(id) DEFERRABLE INITIALLY DEFERRED;


--
-- Name: t_solucion t_solucion_empleado_id_7e960703_fk_m_empleado_id; Type: FK CONSTRAINT; Schema: public; Owner: arturo_dev
--

ALTER TABLE ONLY public.t_solucion
    ADD CONSTRAINT t_solucion_empleado_id_7e960703_fk_m_empleado_id FOREIGN KEY (empleado_id) REFERENCES public.m_empleado(id) DEFERRABLE INITIALLY DEFERRED;


--
-- Name: t_solucion t_solucion_reclamo_id_0594a7d0_fk_t_reclamo_id; Type: FK CONSTRAINT; Schema: public; Owner: arturo_dev
--

ALTER TABLE ONLY public.t_solucion
    ADD CONSTRAINT t_solucion_reclamo_id_0594a7d0_fk_t_reclamo_id FOREIGN KEY (reclamo_id) REFERENCES public.t_reclamo(id) DEFERRABLE INITIALLY DEFERRED;


--
-- Name: SCHEMA public; Type: ACL; Schema: -; Owner: postgres
--

REVOKE USAGE ON SCHEMA public FROM PUBLIC;
GRANT ALL ON SCHEMA public TO PUBLIC;
GRANT ALL ON SCHEMA public TO arturo_dev;


--
-- PostgreSQL database dump complete
--

\unrestrict kuki7506r5HxO5RvBf8qgKRbZqMX5VvDDcrRvtIBpzIG8lByox8ve0JwaP6AG6G

